<?xml version="1.0" encoding="utf-8"?>
<!--/19462347/465438/2.50/20/2/Integrated Circuit/-->
<quadcept_library>
  <setting unit="mil" />
  <textstyle name="Default" height="47.244094488189" strokewidth="7.8740157480315" charwidth="47.244094488189" />
  <textstyle name="Dimension" height="19.6850393700787" strokewidth="0" charwidth="19.6850393700787" />
  <textstyle name="H127W0635TH00762" height="50" strokewidth="3" charwidth="25" />
  <textstyle name="H15W15TH02" height="59.0551181102362" strokewidth="7.8740157480315" charwidth="59.0551181102362" />
  <padstyle name="r147.5_45" surface="True" plated="False" isvia="False" nopaste="False" nomask="True" complex="False" holesize="0">
    <padshape layer="TOP" shape="rectangle" width="17.716535433071" height="58.070866141732" />
    <padshape layer="TOP_SOLDER_MASK" shape="rectangle" width="25.590551181102" height="65.944881889763" />
    <padshape layer="TOP_SOLDER_PASTE" shape="rectangle" width="17.716535433071" height="58.070866141732" />
  </padstyle>
  <footprint name="SOP65P640X145-20N" originx="0" originy="0" pickpointx="0" pickpointy="0">
    <pcbpin number="1" name="1" style="r147.5_45" originx="-115.66929133858" originy="115.15748031496" rotation="90" />
    <pcbpin number="2" name="2" style="r147.5_45" originx="-115.66929133858" originy="89.566929133857" rotation="90" />
    <pcbpin number="3" name="3" style="r147.5_45" originx="-115.66929133858" originy="63.976377952755" rotation="90" />
    <pcbpin number="4" name="4" style="r147.5_45" originx="-115.66929133858" originy="38.385826771653" rotation="90" />
    <pcbpin number="5" name="5" style="r147.5_45" originx="-115.66929133858" originy="12.795275590551" rotation="90" />
    <pcbpin number="6" name="6" style="r147.5_45" originx="-115.66929133858" originy="-12.795275590551" rotation="90" />
    <pcbpin number="7" name="7" style="r147.5_45" originx="-115.66929133858" originy="-38.385826771653" rotation="90" />
    <pcbpin number="8" name="8" style="r147.5_45" originx="-115.66929133858" originy="-63.976377952755" rotation="90" />
    <pcbpin number="9" name="9" style="r147.5_45" originx="-115.66929133858" originy="-89.566929133857" rotation="90" />
    <pcbpin number="10" name="10" style="r147.5_45" originx="-115.66929133858" originy="-115.15748031496" rotation="90" />
    <pcbpin number="11" name="11" style="r147.5_45" originx="115.66929133858" originy="-115.15748031496" rotation="90" />
    <pcbpin number="12" name="12" style="r147.5_45" originx="115.66929133858" originy="-89.566929133857" rotation="90" />
    <pcbpin number="13" name="13" style="r147.5_45" originx="115.66929133858" originy="-63.976377952755" rotation="90" />
    <pcbpin number="14" name="14" style="r147.5_45" originx="115.66929133858" originy="-38.385826771653" rotation="90" />
    <pcbpin number="15" name="15" style="r147.5_45" originx="115.66929133858" originy="-12.795275590551" rotation="90" />
    <pcbpin number="16" name="16" style="r147.5_45" originx="115.66929133858" originy="12.795275590551" rotation="90" />
    <pcbpin number="17" name="17" style="r147.5_45" originx="115.66929133858" originy="38.385826771653" rotation="90" />
    <pcbpin number="18" name="18" style="r147.5_45" originx="115.66929133858" originy="63.976377952755" rotation="90" />
    <pcbpin number="19" name="19" style="r147.5_45" originx="115.66929133858" originy="89.566929133857" rotation="90" />
    <pcbpin number="20" name="20" style="r147.5_45" originx="115.66929133858" originy="115.15748031496" rotation="90" />
    <line layer="TOP_PLACE_BOUND" originx="-154.52755905512" originy="139.76377952756" endx="154.52755905512" endy="139.76377952756" width="1.9685039370079" />
    <line layer="TOP_PLACE_BOUND" originx="154.52755905512" originy="139.76377952756" endx="154.52755905512" endy="-139.76377952756" width="1.9685039370079" />
    <line layer="TOP_PLACE_BOUND" originx="154.52755905512" originy="-139.76377952756" endx="-154.52755905512" endy="-139.76377952756" width="1.9685039370079" />
    <line layer="TOP_PLACE_BOUND" originx="-154.52755905512" originy="-139.76377952756" endx="-154.52755905512" endy="139.76377952756" width="1.9685039370079" />
    <line layer="TOP_ASSEMBLY" originx="-86.614173228345" originy="127.95275590551" endx="86.614173228345" endy="127.95275590551" width="3.9370078740157" />
    <line layer="TOP_ASSEMBLY" originx="86.614173228345" originy="127.95275590551" endx="86.614173228345" endy="-127.95275590551" width="3.9370078740157" />
    <line layer="TOP_ASSEMBLY" originx="86.614173228345" originy="-127.95275590551" endx="-86.614173228345" endy="-127.95275590551" width="3.9370078740157" />
    <line layer="TOP_ASSEMBLY" originx="-86.614173228345" originy="-127.95275590551" endx="-86.614173228345" endy="127.95275590551" width="3.9370078740157" />
    <line layer="TOP_ASSEMBLY" originx="-86.614173228345" originy="102.36220472441" endx="-61.023622047243" endy="127.95275590551" width="3.9370078740157" />
    <line layer="TOP_SILKSCREEN" originx="-72.83464566929" originy="127.95275590551" endx="72.83464566929" endy="127.95275590551" width="7.8740157480314" />
    <line layer="TOP_SILKSCREEN" originx="72.83464566929" originy="127.95275590551" endx="72.83464566929" endy="-127.95275590551" width="7.8740157480314" />
    <line layer="TOP_SILKSCREEN" originx="72.83464566929" originy="-127.95275590551" endx="-72.83464566929" endy="-127.95275590551" width="7.8740157480314" />
    <line layer="TOP_SILKSCREEN" originx="-72.83464566929" originy="-127.95275590551" endx="-72.83464566929" endy="127.95275590551" width="7.8740157480314" />
    <line layer="TOP_SILKSCREEN" originx="-144.68503937008" originy="137.79527559055" endx="-86.614173228345" endy="137.79527559055" width="7.8740157480314" />
  </footprint>
  <symbol name="R7FA0E1073CSC#CA0" originx="0" originy="0">
    <line originx="200" originy="100" endx="2000" endy="100" width="0" />
    <line originx="2000" originy="-1000" endx="2000" endy="100" width="0" />
    <line originx="2000" originy="-1000" endx="200" endy="-1000" width="0" />
    <line originx="200" originy="100" endx="200" endy="-1000" width="0" />
    <sympin number="1" originx="200" originy="0" rotation="180" length="100" width="7.8740157480315" flipped="False">
      <text name="pinname" originx="230" originy="0" style="Default" rotation="0" justify="left" flipped="False" hidden="False" data="P010/VREFH0" />
      <text name="pindes" originx="140" originy="20" style="Default" rotation="0" justify="lowerright" flipped="False" hidden="False" data="1" />
    </sympin>
    <sympin number="2" originx="200" originy="-100" rotation="180" length="100" width="7.8740157480315" flipped="False">
      <text name="pinname" originx="230" originy="-100" style="Default" rotation="0" justify="left" flipped="False" hidden="False" data="VCL" />
      <text name="pindes" originx="140" originy="-80" style="Default" rotation="0" justify="lowerright" flipped="False" hidden="False" data="2" />
    </sympin>
    <sympin number="3" originx="200" originy="-200" rotation="180" length="100" width="7.8740157480315" flipped="False">
      <text name="pinname" originx="230" originy="-200" style="Default" rotation="0" justify="left" flipped="False" hidden="False" data="VSS" />
      <text name="pindes" originx="140" originy="-180" style="Default" rotation="0" justify="lowerright" flipped="False" hidden="False" data="3" />
    </sympin>
    <sympin number="4" originx="200" originy="-300" rotation="180" length="100" width="7.8740157480315" flipped="False">
      <text name="pinname" originx="230" originy="-300" style="Default" rotation="0" justify="left" flipped="False" hidden="False" data="P213/X2/EXCLK/XCOUT" />
      <text name="pindes" originx="140" originy="-280" style="Default" rotation="0" justify="lowerright" flipped="False" hidden="False" data="4" />
    </sympin>
    <sympin number="5" originx="200" originy="-400" rotation="180" length="100" width="7.8740157480315" flipped="False">
      <text name="pinname" originx="230" originy="-400" style="Default" rotation="0" justify="left" flipped="False" hidden="False" data="P212/X1/XCIN" />
      <text name="pindes" originx="140" originy="-380" style="Default" rotation="0" justify="lowerright" flipped="False" hidden="False" data="5" />
    </sympin>
    <sympin number="6" originx="200" originy="-500" rotation="180" length="100" width="7.8740157480315" flipped="False">
      <text name="pinname" originx="230" originy="-500" style="Default" rotation="0" justify="left" flipped="False" hidden="False" data="VCC" />
      <text name="pindes" originx="140" originy="-480" style="Default" rotation="0" justify="lowerright" flipped="False" hidden="False" data="6" />
    </sympin>
    <sympin number="7" originx="200" originy="-600" rotation="180" length="100" width="7.8740157480315" flipped="False">
      <text name="pinname" originx="230" originy="-600" style="Default" rotation="0" justify="left" flipped="False" hidden="False" data="RES/P206" />
      <text name="pindes" originx="140" originy="-580" style="Default" rotation="0" justify="lowerright" flipped="False" hidden="False" data="7" />
    </sympin>
    <sympin number="8" originx="200" originy="-700" rotation="180" length="100" width="7.8740157480315" flipped="False">
      <text name="pinname" originx="230" originy="-700" style="Default" rotation="0" justify="left" flipped="False" hidden="False" data="P201" />
      <text name="pindes" originx="140" originy="-680" style="Default" rotation="0" justify="lowerright" flipped="False" hidden="False" data="8" />
    </sympin>
    <sympin number="9" originx="200" originy="-800" rotation="180" length="100" width="7.8740157480315" flipped="False">
      <text name="pinname" originx="230" originy="-800" style="Default" rotation="0" justify="left" flipped="False" hidden="False" data="P200" />
      <text name="pindes" originx="140" originy="-780" style="Default" rotation="0" justify="lowerright" flipped="False" hidden="False" data="9" />
    </sympin>
    <sympin number="10" originx="200" originy="-900" rotation="180" length="100" width="7.8740157480315" flipped="False">
      <text name="pinname" originx="230" originy="-900" style="Default" rotation="0" justify="left" flipped="False" hidden="False" data="P300/SWCLK" />
      <text name="pindes" originx="140" originy="-880" style="Default" rotation="0" justify="lowerright" flipped="False" hidden="False" data="10" />
    </sympin>
    <sympin number="20" originx="2000" originy="0" rotation="0" length="100" width="7.8740157480315" flipped="False">
      <text name="pinname" originx="1970" originy="0" style="Default" rotation="0" justify="right" flipped="False" hidden="False" data="P011/VREFL0" />
      <text name="pindes" originx="2060" originy="20" style="Default" rotation="0" justify="lowerleft" flipped="False" hidden="False" data="20" />
    </sympin>
    <sympin number="19" originx="2000" originy="-100" rotation="0" length="100" width="7.8740157480315" flipped="False">
      <text name="pinname" originx="1970" originy="-100" style="Default" rotation="0" justify="right" flipped="False" hidden="False" data="P012" />
      <text name="pindes" originx="2060" originy="-80" style="Default" rotation="0" justify="lowerleft" flipped="False" hidden="False" data="19" />
    </sympin>
    <sympin number="18" originx="2000" originy="-200" rotation="0" length="100" width="7.8740157480315" flipped="False">
      <text name="pinname" originx="1970" originy="-200" style="Default" rotation="0" justify="right" flipped="False" hidden="False" data="P013" />
      <text name="pindes" originx="2060" originy="-180" style="Default" rotation="0" justify="lowerleft" flipped="False" hidden="False" data="18" />
    </sympin>
    <sympin number="17" originx="2000" originy="-300" rotation="0" length="100" width="7.8740157480315" flipped="False">
      <text name="pinname" originx="1970" originy="-300" style="Default" rotation="0" justify="right" flipped="False" hidden="False" data="P100" />
      <text name="pindes" originx="2060" originy="-280" style="Default" rotation="0" justify="lowerleft" flipped="False" hidden="False" data="17" />
    </sympin>
    <sympin number="16" originx="2000" originy="-400" rotation="0" length="100" width="7.8740157480315" flipped="False">
      <text name="pinname" originx="1970" originy="-400" style="Default" rotation="0" justify="right" flipped="False" hidden="False" data="P101" />
      <text name="pindes" originx="2060" originy="-380" style="Default" rotation="0" justify="lowerleft" flipped="False" hidden="False" data="16" />
    </sympin>
    <sympin number="15" originx="2000" originy="-500" rotation="0" length="100" width="7.8740157480315" flipped="False">
      <text name="pinname" originx="1970" originy="-500" style="Default" rotation="0" justify="right" flipped="False" hidden="False" data="P102" />
      <text name="pindes" originx="2060" originy="-480" style="Default" rotation="0" justify="lowerleft" flipped="False" hidden="False" data="15" />
    </sympin>
    <sympin number="14" originx="2000" originy="-600" rotation="0" length="100" width="7.8740157480315" flipped="False">
      <text name="pinname" originx="1970" originy="-600" style="Default" rotation="0" justify="right" flipped="False" hidden="False" data="P112" />
      <text name="pindes" originx="2060" originy="-580" style="Default" rotation="0" justify="lowerleft" flipped="False" hidden="False" data="14" />
    </sympin>
    <sympin number="13" originx="2000" originy="-700" rotation="0" length="100" width="7.8740157480315" flipped="False">
      <text name="pinname" originx="1970" originy="-700" style="Default" rotation="0" justify="right" flipped="False" hidden="False" data="P110" />
      <text name="pindes" originx="2060" originy="-680" style="Default" rotation="0" justify="lowerleft" flipped="False" hidden="False" data="13" />
    </sympin>
    <sympin number="12" originx="2000" originy="-800" rotation="0" length="100" width="7.8740157480315" flipped="False">
      <text name="pinname" originx="1970" originy="-800" style="Default" rotation="0" justify="right" flipped="False" hidden="False" data="P109" />
      <text name="pindes" originx="2060" originy="-780" style="Default" rotation="0" justify="lowerleft" flipped="False" hidden="False" data="12" />
    </sympin>
    <sympin number="11" originx="2000" originy="-900" rotation="0" length="100" width="7.8740157480315" flipped="False">
      <text name="pinname" originx="1970" originy="-900" style="Default" rotation="0" justify="right" flipped="False" hidden="False" data="P108/SWDIO" />
      <text name="pindes" originx="2060" originy="-880" style="Default" rotation="0" justify="lowerleft" flipped="False" hidden="False" data="11" />
    </sympin>
  </symbol>
  <component name="R7FA0E1073CSC#CA0" designatorprefix="IC" height="57.086614173228" footprint="SOP65P640X145-20N">
    <comppin designator="1" sympin="1" pinswap="0" gateswap="0" gate="1" group="1" side="" type="Any" name="P010/VREFH0" />
    <comppin designator="2" sympin="2" pinswap="0" gateswap="0" gate="1" group="1" side="" type="Any" name="VCL" />
    <comppin designator="3" sympin="3" pinswap="0" gateswap="0" gate="1" group="1" side="" type="Any" name="VSS" />
    <comppin designator="4" sympin="4" pinswap="0" gateswap="0" gate="1" group="1" side="" type="Any" name="P213/X2/EXCLK/XCOUT" />
    <comppin designator="5" sympin="5" pinswap="0" gateswap="0" gate="1" group="1" side="" type="Any" name="P212/X1/XCIN" />
    <comppin designator="6" sympin="6" pinswap="0" gateswap="0" gate="1" group="1" side="" type="Any" name="VCC" />
    <comppin designator="7" sympin="7" pinswap="0" gateswap="0" gate="1" group="1" side="" type="Any" name="RES/P206" />
    <comppin designator="8" sympin="8" pinswap="0" gateswap="0" gate="1" group="1" side="" type="Any" name="P201" />
    <comppin designator="9" sympin="9" pinswap="0" gateswap="0" gate="1" group="1" side="" type="Any" name="P200" />
    <comppin designator="10" sympin="10" pinswap="0" gateswap="0" gate="1" group="1" side="" type="Any" name="P300/SWCLK" />
    <comppin designator="11" sympin="11" pinswap="0" gateswap="0" gate="1" group="1" side="" type="Any" name="P108/SWDIO" />
    <comppin designator="12" sympin="12" pinswap="0" gateswap="0" gate="1" group="1" side="" type="Any" name="P109" />
    <comppin designator="13" sympin="13" pinswap="0" gateswap="0" gate="1" group="1" side="" type="Any" name="P110" />
    <comppin designator="14" sympin="14" pinswap="0" gateswap="0" gate="1" group="1" side="" type="Any" name="P112" />
    <comppin designator="15" sympin="15" pinswap="0" gateswap="0" gate="1" group="1" side="" type="Any" name="P102" />
    <comppin designator="16" sympin="16" pinswap="0" gateswap="0" gate="1" group="1" side="" type="Any" name="P101" />
    <comppin designator="17" sympin="17" pinswap="0" gateswap="0" gate="1" group="1" side="" type="Any" name="P100" />
    <comppin designator="18" sympin="18" pinswap="0" gateswap="0" gate="1" group="1" side="" type="Any" name="P013" />
    <comppin designator="19" sympin="19" pinswap="0" gateswap="0" gate="1" group="1" side="" type="Any" name="P012" />
    <comppin designator="20" sympin="20" pinswap="0" gateswap="0" gate="1" group="1" side="" type="Any" name="P011/VREFL0" />
    <attached_symbol gate="1" name="R7FA0E1073CSC#CA0" />
    <pinmap designator="1" footprintpin="1" />
    <pinmap designator="2" footprintpin="2" />
    <pinmap designator="3" footprintpin="3" />
    <pinmap designator="4" footprintpin="4" />
    <pinmap designator="5" footprintpin="5" />
    <pinmap designator="6" footprintpin="6" />
    <pinmap designator="7" footprintpin="7" />
    <pinmap designator="8" footprintpin="8" />
    <pinmap designator="9" footprintpin="9" />
    <pinmap designator="10" footprintpin="10" />
    <pinmap designator="11" footprintpin="11" />
    <pinmap designator="12" footprintpin="12" />
    <pinmap designator="13" footprintpin="13" />
    <pinmap designator="14" footprintpin="14" />
    <pinmap designator="15" footprintpin="15" />
    <pinmap designator="16" footprintpin="16" />
    <pinmap designator="17" footprintpin="17" />
    <pinmap designator="18" footprintpin="18" />
    <pinmap designator="19" footprintpin="19" />
    <pinmap designator="20" footprintpin="20" />
    <text name="Datasheet" originx="0" originy="0" style="Default" rotation="0" justify="" flipped="False" hidden="True" data="https://www.renesas.com/us/en/products/microcontrollers-microprocessors/ra-cortex-m-mcus/ra0e1-32mhz-arm-cortex-m23-entry-level-ultra-low-power-general-purpose-microcontroller" />
    <text name="Description" originx="0" originy="0" style="Default" rotation="0" justify="" flipped="False" hidden="True" data="The RA0E1 group is a basic, simple MCU in the entry line of the RA0 series, offering excellent cost effectiveness and ultra-low power consumption. It delivers up to 32MHz of CPU performance using an Arm Cortex-M23 core with up to 64KB of embedded flash memory and a wide supply voltage range from 1.6V to 5.5V. The RA0 series is ideal for cost-sensitive applications such as low power and lower cost for consumer electronics, system control for small appliances, industrial system control and building automation" />
    <text name="Manufacturer_Name" originx="0" originy="0" style="Default" rotation="0" justify="" flipped="False" hidden="True" data="Renesas Electronics" />
    <text name="Manufacturer_Part_Number" originx="2050" originy="200" style="Default" rotation="0" justify="left" flipped="False" hidden="False" data="R7FA0E1073CSC#CA0" />
    <text name="Mouser Part Number" originx="0" originy="0" style="Default" rotation="0" justify="" flipped="False" hidden="True" data="" />
    <text name="Mouser Price/Stock" originx="0" originy="0" style="Default" rotation="0" justify="" flipped="False" hidden="True" data="" />
    <text name="Arrow Part Number" originx="0" originy="0" style="Default" rotation="0" justify="" flipped="False" hidden="True" data="" />
    <text name="Arrow Price/Stock" originx="0" originy="0" style="Default" rotation="0" justify="" flipped="False" hidden="True" data="" />
  </component>
</quadcept_library>
